Testing loss,Testing accuracy
0.2425495875879712,0.9311926605504587
