Testing loss,Testing accuracy
0.6965414881706238,0.5091743119266054
