Testing loss,Testing accuracy
0.25983843176600036,0.9048165137614679
