Testing loss,Testing accuracy
0.6961450992374245,0.5091743119266054
