Testing loss,Testing accuracy
0.25200553676711585,0.9197247706422018
