Testing loss,Testing accuracy
0.42611375710832966,0.8325688073394495
