Testing loss,Testing accuracy
0.3073379593568111,0.9094036697247706
