Testing loss,Testing accuracy
0.2875944527823034,0.9151376146788991
