Testing loss,Testing accuracy
0.2349319807040172,0.9334862385321101
